,x,y,label
0,6195,9071,1.0
1,926,390,-1.0
2,2317,3523,1.0
3,1197,7789,1.0
4,525,6788,1.0
5,9865,6876,-1.0
6,9597,8306,-1.0
7,3964,2138,-1.0
8,8601,7072,-1.0
9,3590,6649,1.0
10,5169,6722,1.0
11,7851,4477,-1.0
12,3593,8332,1.0
13,8817,6252,-1.0
14,2078,2355,1.0
15,7982,2475,-1.0
16,925,9510,1.0
17,570,3783,1.0
18,8138,1061,-1.0
19,6180,6422,1.0
20,615,4754,1.0
21,2975,9293,1.0
22,5449,7325,1.0
23,9149,3843,-1.0
24,5299,8506,1.0
25,2161,514,-1.0
26,4303,8193,1.0
27,5953,8515,1.0
28,1141,1226,1.0
29,6176,9006,1.0
30,4879,5070,1.0
31,8832,3145,-1.0
32,4364,6453,1.0
33,2134,7009,1.0
34,3373,7598,1.0
35,3933,3075,-1.0
36,2736,5853,1.0
37,8082,3299,-1.0
38,4039,6568,1.0
39,2049,3519,1.0
40,8504,8291,-1.0
41,3846,6572,1.0
42,6422,1769,-1.0
43,7971,4094,-1.0
44,7748,9404,1.0
45,4481,2321,-1.0
46,8318,7954,-1.0
47,4423,1786,-1.0
48,299,8712,1.0
49,8911,2471,-1.0
50,1192,2571,1.0
51,7428,8250,1.0
52,2057,9554,1.0
53,1257,9172,1.0
54,1973,1539,-1.0
55,3482,4486,1.0
56,4557,2141,-1.0
57,1195,4285,1.0
58,4758,5875,1.0
59,5504,5161,-1.0
60,6642,1118,-1.0
61,1215,6920,1.0
62,5679,1065,-1.0
63,8638,1113,-1.0
64,7562,5377,-1.0
65,7289,3855,-1.0
66,8557,3679,-1.0
67,3061,7651,1.0
68,1710,7570,1.0
69,5983,9287,1.0
70,9697,6755,-1.0
71,8439,7576,-1.0
72,1936,1983,1.0
73,1076,9547,1.0
74,113,3532,1.0
75,5433,3216,-1.0
76,4679,8775,1.0
77,8133,597,-1.0
78,2222,2137,-1.0
79,5279,1631,-1.0
80,4019,2202,-1.0
81,8754,5554,-1.0
82,8148,5537,-1.0
83,7912,6009,-1.0
84,7165,119,-1.0
85,7515,953,-1.0
86,708,7237,1.0
87,7720,1222,-1.0
88,6910,8374,1.0
89,4806,9528,1.0
90,8444,2956,-1.0
91,9801,7367,-1.0
92,6875,6201,-1.0
93,7920,5801,-1.0
94,8015,4745,-1.0
95,3514,4194,1.0
96,7050,9310,1.0
97,8316,5849,-1.0
98,7339,1516,-1.0
99,765,8836,1.0
100,7268,771,-1.0
101,8746,4175,-1.0
102,8122,5823,-1.0
103,690,5910,1.0
104,8580,2293,-1.0
105,8661,6387,-1.0
106,3058,3006,-1.0
107,8190,6088,-1.0
108,8854,4440,-1.0
109,1418,4418,1.0
110,2145,8324,1.0
111,9941,4207,-1.0
112,9263,4777,-1.0
113,4447,8457,1.0
114,627,6019,1.0
115,3458,3615,1.0
116,5535,8837,1.0
117,4041,659,-1.0
118,7356,4683,-1.0
119,8502,5749,-1.0
120,5652,3352,-1.0
121,3436,9224,1.0
122,4109,9245,1.0
123,8147,1267,-1.0
124,7585,1071,-1.0
125,1846,3887,1.0
126,3620,460,-1.0
127,8962,3765,-1.0
128,1020,8350,1.0
129,9383,2034,-1.0
130,8675,2707,-1.0
131,9282,4144,-1.0
132,5107,4798,-1.0
133,6457,1918,-1.0
134,119,5914,1.0
135,5016,5183,1.0
136,4714,7275,1.0
137,4942,9471,1.0
138,6264,4040,-1.0
139,9171,6746,-1.0
140,9356,6264,-1.0
141,4487,5654,1.0
142,7029,4710,-1.0
143,9955,4512,-1.0
144,7488,1268,-1.0
145,1643,7561,1.0
146,3100,5892,1.0
147,7712,6794,-1.0
148,7727,9672,1.0
149,266,6260,1.0
150,8667,6669,-1.0
151,1769,9766,1.0
152,1507,3699,1.0
153,9809,9707,-1.0
154,2689,8831,1.0
155,2138,9008,1.0
156,5616,6319,1.0
157,9040,4317,-1.0
158,4549,5975,1.0
159,6586,3906,-1.0
160,5140,6534,1.0
161,4562,5394,1.0
162,4678,9483,1.0
163,1156,96,-1.0
164,4952,1107,-1.0
165,5716,7094,1.0
166,4598,7929,1.0
167,8648,6628,-1.0
168,1745,5245,1.0
169,8120,2458,-1.0
170,2766,8385,1.0
171,8950,4902,-1.0
172,4539,8774,1.0
173,566,4479,1.0
174,6702,6967,1.0
175,4297,4608,1.0
176,520,8620,1.0
177,6261,8904,1.0
178,8546,7482,-1.0
179,477,3361,1.0
180,844,7864,1.0
181,5535,1168,-1.0
182,143,1109,1.0
183,8308,9292,1.0
184,4457,4271,-1.0
185,9206,9750,1.0
186,3451,4196,1.0
187,364,846,1.0
188,171,1111,1.0
189,9826,2645,-1.0
190,4549,6149,1.0
191,1182,9561,1.0
192,1103,6076,1.0
193,6811,2422,-1.0
194,9289,588,-1.0
195,657,4334,1.0
196,5004,5429,1.0
197,7560,3531,-1.0
198,4579,726,-1.0
199,8700,9234,1.0
200,3437,7932,1.0
201,7684,3006,-1.0
202,1458,9341,1.0
203,6230,725,-1.0
204,1947,1161,-1.0
205,641,2994,1.0
206,475,6829,1.0
207,7886,3364,-1.0
208,3747,7206,1.0
209,348,9535,1.0
210,9658,1101,-1.0
211,5309,3522,-1.0
212,7677,501,-1.0
213,2591,4296,1.0
214,5654,1221,-1.0
215,8101,2779,-1.0
216,7120,4045,-1.0
217,9125,6922,-1.0
218,3889,651,-1.0
219,4001,7014,1.0
220,5866,3053,-1.0
221,1038,6420,1.0
222,7756,3393,-1.0
223,3285,1518,-1.0
224,3824,1349,-1.0
225,8936,3625,-1.0
226,3566,4369,1.0
227,8236,6493,-1.0
228,3969,4546,1.0
229,7136,4116,-1.0
230,903,8946,1.0
231,326,7568,1.0
232,4335,2043,-1.0
233,2043,5841,1.0
234,6043,689,-1.0
235,5818,448,-1.0
236,7480,4231,-1.0
237,1802,6226,1.0
238,2555,858,-1.0
239,8806,7741,-1.0
240,1905,2736,1.0
241,9219,1260,-1.0
242,7019,5201,-1.0
243,124,5278,1.0
244,1365,4154,1.0
245,1093,4501,1.0
246,4704,1460,-1.0
247,1268,6785,1.0
248,2064,7030,1.0
249,1938,3021,1.0
250,9187,5209,-1.0
251,1055,1436,1.0
252,745,75,-1.0
253,2262,5949,1.0
254,5855,8178,1.0
255,7367,1450,-1.0
256,5325,8643,1.0
257,8382,7492,-1.0
258,4868,8551,1.0
259,9916,3832,-1.0
260,2557,113,-1.0
261,2554,7353,1.0
262,3263,4663,1.0
263,5281,6934,1.0
264,3714,1565,-1.0
265,3059,3191,1.0
266,9740,7469,-1.0
267,4375,7874,1.0
268,7253,6465,-1.0
269,9458,4464,-1.0
270,7109,4591,-1.0
271,2070,3855,1.0
272,4078,1832,-1.0
273,8370,2491,-1.0
274,3832,8735,1.0
275,7551,4783,-1.0
276,7363,7656,1.0
277,3071,6112,1.0
278,1025,3193,1.0
279,5570,1097,-1.0
280,7108,203,-1.0
281,3269,9239,1.0
282,8227,4988,-1.0
283,6980,5246,-1.0
284,2122,1121,-1.0
285,7143,6810,-1.0
286,7533,5742,-1.0
287,1433,8044,1.0
288,5385,449,-1.0
289,8536,9229,1.0
290,4221,6854,1.0
291,1918,4257,1.0
292,379,409,1.0
293,6440,2661,-1.0
294,6295,8359,1.0
295,8479,8793,1.0
296,6485,3203,-1.0
297,5804,3256,-1.0
298,9096,1573,-1.0
299,9685,2216,-1.0
300,5199,1536,-1.0
301,8390,1192,-1.0
302,3283,3199,-1.0
303,3151,7381,1.0
304,5776,2653,-1.0
305,2321,6584,1.0
306,4007,6023,1.0
307,7008,519,-1.0
308,9661,4710,-1.0
309,8163,6467,-1.0
310,2957,1998,-1.0
311,942,8059,1.0
312,5624,3556,-1.0
313,4563,5408,1.0
314,2549,643,-1.0
315,9527,4236,-1.0
316,4914,7296,1.0
317,6057,9948,1.0
318,4646,6236,1.0
319,6233,4844,-1.0
320,5816,5720,-1.0
321,5967,2976,-1.0
322,613,1395,1.0
323,6154,1469,-1.0
324,3657,9923,1.0
325,1740,743,-1.0
326,7412,2285,-1.0
327,2054,6249,1.0
328,1147,3408,1.0
329,2,7287,1.0
330,7916,6177,-1.0
331,5822,965,-1.0
332,1809,1944,1.0
333,4146,6169,1.0
334,8614,9052,1.0
335,5570,6268,1.0
336,4232,5294,1.0
337,1611,493,-1.0
338,2252,7165,1.0
339,5852,5524,-1.0
340,7366,6142,-1.0
341,4064,8528,1.0
342,324,7406,1.0
343,5440,9687,1.0
344,7674,9000,1.0
345,1942,8896,1.0
346,6197,815,-1.0
347,973,5937,1.0
348,8204,2173,-1.0
349,447,6868,1.0
350,6226,1594,-1.0
351,9639,7930,-1.0
352,7905,9852,1.0
353,7778,8292,1.0
354,9472,9125,-1.0
355,7407,3101,-1.0
356,2504,5601,1.0
357,2602,661,-1.0
358,9358,289,-1.0
359,9620,1376,-1.0
360,4175,8383,1.0
361,573,1418,1.0
362,7612,7252,-1.0
363,9591,3115,-1.0
364,3193,4123,1.0
365,6856,9231,1.0
366,4727,856,-1.0
367,9690,6837,-1.0
368,3048,4887,1.0
369,847,7679,1.0
370,9396,7272,-1.0
371,8191,1341,-1.0
372,6524,6852,1.0
373,6378,9020,1.0
374,9547,2041,-1.0
375,5226,3190,-1.0
376,5408,7675,1.0
377,9409,6542,-1.0
378,7612,4373,-1.0
379,1595,739,-1.0
380,820,2051,1.0
381,8561,3705,-1.0
382,7061,4473,-1.0
383,6273,3810,-1.0
384,7685,7049,-1.0
385,7486,2598,-1.0
386,7664,9021,1.0
387,2300,4838,1.0
388,4108,4338,1.0
389,9836,6056,-1.0
390,7639,3750,-1.0
391,939,2056,1.0
392,2090,6260,1.0
393,2403,6925,1.0
394,2229,5437,1.0
395,376,8062,1.0
396,254,6203,1.0
397,1448,3634,1.0
398,518,8164,1.0
399,2935,8174,1.0
400,3204,8379,1.0
401,7943,9007,1.0
402,7975,3877,-1.0
403,4912,8839,1.0
404,17,752,1.0
405,1126,3318,1.0
406,5189,1105,-1.0
407,6550,2997,-1.0
408,8296,6282,-1.0
409,1271,9835,1.0
410,3612,1106,-1.0
411,804,3094,1.0
412,1146,9527,1.0
413,9077,208,-1.0
414,7845,5269,-1.0
415,2540,724,-1.0
416,2745,6672,1.0
417,2084,1151,-1.0
418,1248,6079,1.0
419,5358,9387,1.0
420,4761,5335,1.0
421,8047,4605,-1.0
422,1839,4262,1.0
423,9803,1664,-1.0
424,7464,2519,-1.0
425,8700,8386,-1.0
426,8087,1462,-1.0
427,7002,1014,-1.0
428,911,8045,1.0
429,7860,9331,1.0
430,3310,6527,1.0
431,1288,6569,1.0
432,9601,7744,-1.0
433,5310,6281,1.0
434,6216,2917,-1.0
435,9027,3368,-1.0
436,2298,2971,1.0
437,4320,55,-1.0
438,5244,2256,-1.0
439,1102,2864,1.0
440,4776,7196,1.0
441,1035,8122,1.0
442,3627,7741,1.0
443,9164,3029,-1.0
444,3393,6736,1.0
445,6668,1231,-1.0
446,6096,154,-1.0
447,2270,7741,1.0
448,5759,1833,-1.0
449,774,351,-1.0
450,6669,7269,1.0
451,3902,9559,1.0
452,4797,1400,-1.0
453,3412,4467,1.0
454,8515,9711,1.0
455,5664,1320,-1.0
456,8587,8566,-1.0
457,5884,3987,-1.0
458,4427,7087,1.0
459,3910,5020,1.0
460,2129,7759,1.0
461,1667,3129,1.0
462,7597,3026,-1.0
463,3052,175,-1.0
464,5475,9213,1.0
465,6719,5452,-1.0
466,4203,7123,1.0
467,7701,2250,-1.0
468,1865,9096,1.0
469,5223,2430,-1.0
470,6782,3021,-1.0
471,1147,8123,1.0
472,9667,6302,-1.0
473,7047,4900,-1.0
474,1613,1892,1.0
475,6219,854,-1.0
476,9770,7766,-1.0
477,8490,8325,-1.0
478,3663,4192,1.0
479,8956,8948,-1.0
480,8291,1246,-1.0
481,8983,2234,-1.0
482,8172,3201,-1.0
483,4218,4229,1.0
484,3845,132,-1.0
485,4849,2386,-1.0
486,8305,7179,-1.0
487,4614,8423,1.0
488,3318,8977,1.0
489,1476,9187,1.0
490,431,273,-1.0
491,5291,5459,1.0
492,3391,4958,1.0
493,5557,2580,-1.0
494,3514,9753,1.0
495,4919,1788,-1.0
496,7122,2066,-1.0
497,2821,2817,-1.0
498,9689,5807,-1.0
499,9990,9995,1.0
500,4735,1314,-1.0
501,7619,6451,-1.0
502,3603,1153,-1.0
503,6461,4509,-1.0
504,5551,4195,-1.0
505,6225,3322,-1.0
506,9182,7568,-1.0
507,3097,7966,1.0
508,2010,1602,-1.0
509,5716,7940,1.0
510,527,980,1.0
511,8632,6150,-1.0
512,5901,1805,-1.0
513,1980,7572,1.0
514,5283,6600,1.0
515,6423,774,-1.0
516,8668,7074,-1.0
517,1224,5428,1.0
518,9624,3733,-1.0
519,580,5621,1.0
520,8290,6546,-1.0
521,1113,6146,1.0
522,768,1094,1.0
523,9245,2703,-1.0
524,5937,2087,-1.0
525,3746,864,-1.0
526,1503,1093,-1.0
527,2565,5512,1.0
528,3526,6269,1.0
529,8512,991,-1.0
530,9533,1721,-1.0
531,9891,4389,-1.0
532,231,3390,1.0
533,9825,9343,-1.0
534,2383,2938,1.0
535,1489,4881,1.0
536,1008,9964,1.0
537,1457,6713,1.0
538,1246,7574,1.0
539,1971,3142,1.0
540,6363,7110,1.0
541,5848,1778,-1.0
542,6637,9899,1.0
543,3415,338,-1.0
544,6704,4736,-1.0
545,3848,6331,1.0
546,1232,4441,1.0
547,929,2192,1.0
548,6514,6381,-1.0
549,8623,7935,-1.0
550,131,2626,1.0
551,7077,504,-1.0
552,9858,6024,-1.0
553,5383,8928,1.0
554,2024,162,-1.0
555,650,5392,1.0
556,5649,6373,1.0
557,4295,7732,1.0
558,437,9475,1.0
559,1107,8163,1.0
560,4615,4303,-1.0
561,4520,6970,1.0
562,8947,4287,-1.0
563,554,1542,1.0
564,9982,263,-1.0
565,609,7484,1.0
566,8393,1565,-1.0
567,4993,7165,1.0
568,6844,2330,-1.0
569,3863,1265,-1.0
570,2451,8145,1.0
571,5343,1871,-1.0
572,4514,2037,-1.0
573,5273,105,-1.0
574,4236,6565,1.0
575,6567,1882,-1.0
576,8552,4643,-1.0
577,6858,6849,-1.0
578,3057,483,-1.0
579,6594,8429,1.0
580,7857,53,-1.0
581,5864,3986,-1.0
582,4188,9781,1.0
583,4554,6183,1.0
584,1553,5070,1.0
585,6675,1747,-1.0
586,3820,4309,1.0
587,5176,5114,-1.0
588,5025,8432,1.0
589,7329,5195,-1.0
590,8969,2765,-1.0
591,361,6828,1.0
592,8106,8685,1.0
593,6888,9830,1.0
594,5655,2027,-1.0
595,4662,2077,-1.0
596,6036,9175,1.0
597,5430,881,-1.0
598,9981,1506,-1.0
599,5001,9338,1.0
600,8136,8059,-1.0
601,7170,7764,1.0
602,1653,104,-1.0
603,9923,8552,-1.0
604,1561,1518,-1.0
605,3214,8291,1.0
606,4620,7198,1.0
607,9509,9616,1.0
608,7736,6205,-1.0
609,2858,6067,1.0
610,4747,1884,-1.0
611,6194,261,-1.0
612,6129,222,-1.0
613,4549,5322,1.0
614,8846,1715,-1.0
615,5836,9534,1.0
616,2405,8294,1.0
617,4325,2986,-1.0
618,5012,8944,1.0
619,6169,2171,-1.0
620,9921,2256,-1.0
621,5765,8368,1.0
622,5508,8128,1.0
623,5845,8584,1.0
624,2734,3461,1.0
625,9908,4270,-1.0
626,7599,512,-1.0
627,6448,7087,1.0
628,3498,6826,1.0
629,9534,9043,-1.0
630,4522,2111,-1.0
631,4406,2837,-1.0
632,1767,2107,1.0
633,6160,5863,-1.0
634,5219,5897,1.0
635,6382,8779,1.0
636,7151,8761,1.0
637,5829,1471,-1.0
638,4114,4070,-1.0
639,7304,1303,-1.0
640,5542,9872,1.0
641,6803,6767,-1.0
642,4153,7794,1.0
643,318,4617,1.0
644,5812,125,-1.0
645,1688,7850,1.0
646,3462,3858,1.0
647,3342,6701,1.0
648,7298,9994,1.0
649,3456,5584,1.0
650,3867,3019,-1.0
651,8086,7681,-1.0
652,3417,9500,1.0
653,6037,2599,-1.0
654,259,5020,1.0
655,4925,4324,-1.0
656,5721,8247,1.0
657,7665,5398,-1.0
658,3141,341,-1.0
659,6604,824,-1.0
660,6248,6141,-1.0
661,7712,6823,-1.0
662,2141,9544,1.0
663,1536,7261,1.0
664,2582,2981,1.0
665,1088,3664,1.0
666,1414,5670,1.0
667,3774,5567,1.0
668,6022,1767,-1.0
669,719,8988,1.0
670,8067,5388,-1.0
671,7531,3385,-1.0
672,4895,3317,-1.0
673,1151,7891,1.0
674,5828,2156,-1.0
675,4063,9212,1.0
676,9624,2452,-1.0
677,8094,6504,-1.0
678,7553,8816,1.0
679,2387,5653,1.0
680,9787,9553,-1.0
681,2411,6875,1.0
682,6509,789,-1.0
683,1961,9542,1.0
684,1322,9529,1.0
685,5056,9091,1.0
686,462,7963,1.0
687,8481,3976,-1.0
688,1381,3305,1.0
689,1750,3278,1.0
690,5458,8391,1.0
691,7273,1133,-1.0
692,2382,9359,1.0
693,2992,8356,1.0
694,8819,6666,-1.0
695,4622,8677,1.0
696,8026,8485,1.0
697,167,6675,1.0
698,2743,5085,1.0
699,2131,5228,1.0
700,4381,3748,-1.0
701,9776,9191,-1.0
702,5546,9333,1.0
703,4699,1481,-1.0
704,4023,1155,-1.0
705,5887,9319,1.0
706,1751,8557,1.0
707,1375,3561,1.0
708,7527,2840,-1.0
709,6523,5937,-1.0
710,3441,2950,-1.0
711,3592,7082,1.0
712,4080,3103,-1.0
713,2772,5863,1.0
714,2628,1851,-1.0
715,3034,9993,1.0
716,485,9849,1.0
717,7085,7791,1.0
718,3195,2110,-1.0
719,9817,2354,-1.0
720,566,144,-1.0
721,5873,5115,-1.0
722,9624,5262,-1.0
723,5856,2941,-1.0
724,8853,604,-1.0
725,8760,8639,-1.0
726,3716,4843,1.0
727,4870,5076,1.0
728,1033,6172,1.0
729,8324,1011,-1.0
730,9321,3645,-1.0
731,5461,5237,-1.0
732,9922,5420,-1.0
733,8940,5660,-1.0
734,6544,5854,-1.0
735,9905,5546,-1.0
736,7815,9590,1.0
737,5711,7829,1.0
738,4734,2690,-1.0
739,76,2512,1.0
740,1827,9992,1.0
741,2240,9164,1.0
742,9219,6678,-1.0
743,6242,1030,-1.0
744,4172,3639,-1.0
745,6337,913,-1.0
746,2069,9821,1.0
747,6546,5902,-1.0
748,103,4587,1.0
749,7719,365,-1.0
750,3269,9096,1.0
751,8509,2813,-1.0
752,7991,4999,-1.0
753,4771,1908,-1.0
754,7769,3972,-1.0
755,3594,5586,1.0
756,2019,8055,1.0
757,4450,5528,1.0
758,5207,5772,1.0
759,7530,2370,-1.0
760,7866,1635,-1.0
761,5294,1532,-1.0
762,3555,3588,1.0
763,4539,761,-1.0
764,7248,9392,1.0
765,2067,70,-1.0
766,7788,9330,1.0
767,7973,4432,-1.0
768,9794,8979,-1.0
769,600,3631,1.0
770,2780,1281,-1.0
771,4444,2990,-1.0
772,3077,4735,1.0
773,9224,999,-1.0
774,4003,8891,1.0
775,5715,483,-1.0
776,8947,5247,-1.0
777,954,5544,1.0
778,1621,4203,1.0
779,5383,999,-1.0
780,1169,7303,1.0
781,9779,7217,-1.0
782,9724,759,-1.0
783,6765,8683,1.0
784,8760,705,-1.0
785,3107,2286,-1.0
786,2264,2004,-1.0
787,3873,3889,1.0
788,5409,4759,-1.0
789,2624,5071,1.0
790,1040,5148,1.0
791,5412,2798,-1.0
792,4928,416,-1.0
793,408,3536,1.0
794,48,4053,1.0
795,6282,3538,-1.0
796,146,4269,1.0
797,2308,4376,1.0
798,4519,5324,1.0
799,4929,6554,1.0
800,7294,2980,-1.0
801,2556,1213,-1.0
802,657,6362,1.0
803,1189,2915,1.0
804,7486,3190,-1.0
805,9099,2211,-1.0
806,6678,2291,-1.0
807,3782,5322,1.0
808,5958,1387,-1.0
809,7665,8490,1.0
810,7514,4628,-1.0
811,4551,2261,-1.0
812,9368,7620,-1.0
813,5876,4170,-1.0
814,5679,4287,-1.0
815,1769,9227,1.0
816,3637,3164,-1.0
817,2450,166,-1.0
818,1104,4885,1.0
819,1817,4099,1.0
820,9594,1604,-1.0
821,4348,9492,1.0
822,3637,4334,1.0
823,1613,7061,1.0
824,2932,8631,1.0
825,6190,6837,1.0
826,5704,2572,-1.0
827,5805,7771,1.0
828,7885,9979,1.0
829,8848,3594,-1.0
830,8225,9135,1.0
831,6367,6576,1.0
832,5454,1179,-1.0
833,5005,6150,1.0
834,9631,6112,-1.0
835,6936,8185,1.0
836,880,8504,1.0
837,6542,4389,-1.0
838,1938,6915,1.0
839,416,6557,1.0
840,8107,9958,1.0
841,5452,4564,-1.0
842,1664,6914,1.0
843,5372,5136,-1.0
844,5972,1032,-1.0
845,1434,7632,1.0
846,1660,4093,1.0
847,6392,63,-1.0
848,6171,5578,-1.0
849,119,9622,1.0
850,259,9953,1.0
851,7355,4377,-1.0
852,7444,1262,-1.0
853,6402,2571,-1.0
854,1581,7667,1.0
855,9463,6168,-1.0
856,200,4548,1.0
857,7123,4871,-1.0
858,3175,1247,-1.0
859,7385,5958,-1.0
860,5632,5026,-1.0
861,2847,7226,1.0
862,3372,194,-1.0
863,843,3270,1.0
864,6990,7096,1.0
865,8254,9488,1.0
866,8549,9842,1.0
867,6247,1404,-1.0
868,800,8769,1.0
869,514,5061,1.0
870,1861,7601,1.0
871,4290,6385,1.0
872,2870,1076,-1.0
873,5282,4262,-1.0
874,1262,4320,1.0
875,9241,7211,-1.0
876,8330,5058,-1.0
877,1981,4106,1.0
878,6165,1156,-1.0
879,3632,9943,1.0
880,983,4109,1.0
881,1712,96,-1.0
882,4075,2028,-1.0
883,5347,9647,1.0
884,9108,6344,-1.0
885,6471,2976,-1.0
886,4315,677,-1.0
887,9010,7758,-1.0
888,290,3525,1.0
889,9629,8486,-1.0
890,6351,8947,1.0
891,4108,7181,1.0
892,7927,5969,-1.0
893,6797,1408,-1.0
894,606,3289,1.0
895,7922,709,-1.0
896,7338,8175,1.0
897,6690,8336,1.0
898,8862,1242,-1.0
899,7605,2018,-1.0
900,3206,3309,1.0
901,6271,4526,-1.0
902,1898,274,-1.0
903,3141,7959,1.0
904,6643,8262,1.0
905,3939,3890,-1.0
906,9042,3966,-1.0
907,7331,271,-1.0
908,315,9579,1.0
909,9144,7784,-1.0
910,8902,5687,-1.0
911,7185,8080,1.0
912,2839,3580,1.0
913,1701,950,-1.0
914,3892,9409,1.0
915,8238,4862,-1.0
916,869,8459,1.0
917,9328,1789,-1.0
918,7265,9719,1.0
919,2314,3510,1.0
920,4722,6284,1.0
921,9997,6967,-1.0
922,3453,8317,1.0
923,7787,7003,-1.0
924,2738,3133,1.0
925,5969,2937,-1.0
926,5566,380,-1.0
927,4344,2248,-1.0
928,890,3490,1.0
929,5189,1585,-1.0
930,5120,2814,-1.0
931,640,1071,1.0
932,4594,541,-1.0
933,9408,1425,-1.0
934,3911,2688,-1.0
935,261,7556,1.0
936,1707,8573,1.0
937,728,8642,1.0
938,9270,1554,-1.0
939,2268,2781,1.0
940,9535,809,-1.0
941,1551,782,-1.0
942,9035,5806,-1.0
943,6023,4188,-1.0
944,1274,8785,1.0
945,7523,9399,1.0
946,2307,800,-1.0
947,7878,5241,-1.0
948,5462,3280,-1.0
949,5224,1032,-1.0
950,7718,8248,1.0
951,1916,3384,1.0
952,4416,6788,1.0
953,5146,6284,1.0
954,3904,919,-1.0
955,910,7743,1.0
956,657,4499,1.0
957,8719,3515,-1.0
958,8537,1761,-1.0
959,1904,7601,1.0
960,294,9729,1.0
961,4704,4438,-1.0
962,529,9102,1.0
963,8112,8279,1.0
964,118,2113,1.0
965,160,3293,1.0
966,1314,2672,1.0
967,1254,8224,1.0
968,9414,1259,-1.0
969,4212,8570,1.0
970,5297,1568,-1.0
971,3193,9614,1.0
972,5201,2957,-1.0
973,9097,2533,-1.0
974,1097,9457,1.0
975,1008,1605,1.0
976,4905,8618,1.0
977,2926,9696,1.0
978,3028,9577,1.0
979,6500,438,-1.0
980,2828,3824,1.0
981,6159,7502,1.0
982,849,132,-1.0
983,9605,4940,-1.0
984,8627,8106,-1.0
985,5176,5591,1.0
986,3401,1426,-1.0
987,985,4977,1.0
988,508,6625,1.0
989,2959,4878,1.0
990,444,4993,1.0
991,2735,8935,1.0
992,4833,3282,-1.0
993,1698,2568,1.0
994,5966,7970,1.0
995,5449,4726,-1.0
996,4774,1502,-1.0
997,8940,7,-1.0
998,4216,3182,-1.0
999,7153,5169,-1.0
1000,7338,5016,-1.0
1001,4522,1847,-1.0
1002,2937,1761,-1.0
1003,1972,7633,1.0
1004,4394,7249,1.0
1005,4009,6143,1.0
1006,6605,9040,1.0
1007,7872,8088,1.0
1008,4756,7949,1.0
1009,4666,9395,1.0
1010,7963,1928,-1.0
1011,7481,9325,1.0
1012,3894,7730,1.0
1013,4159,5094,1.0
1014,3128,4216,1.0
1015,1089,4163,1.0
1016,881,2496,1.0
1017,4296,6312,1.0
1018,4515,9805,1.0
1019,6284,5807,-1.0
1020,2758,5072,1.0
1021,2258,1796,-1.0
1022,7929,1939,-1.0
1023,2257,6490,1.0
1024,8977,5450,-1.0
1025,758,473,-1.0
1026,3562,4368,1.0
1027,4503,4033,-1.0
1028,6463,2871,-1.0
1029,1055,7713,1.0
1030,2365,6413,1.0
1031,4669,5695,1.0
1032,5816,4698,-1.0
1033,1831,6883,1.0
1034,5700,5790,1.0
1035,4575,9730,1.0
1036,325,590,1.0
1037,6971,1501,-1.0
1038,2428,9970,1.0
1039,5489,1877,-1.0
1040,9429,9118,-1.0
1041,4354,1859,-1.0
1042,484,7361,1.0
1043,526,6224,1.0
1044,7312,8512,1.0
1045,7101,4256,-1.0
1046,1464,460,-1.0
1047,9542,1945,-1.0
1048,4739,8997,1.0
1049,1682,303,-1.0
1050,1098,6177,1.0
1051,7878,502,-1.0
1052,4069,9548,1.0
1053,8276,7323,-1.0
1054,289,4364,1.0
1055,9156,9020,-1.0
1056,7307,5356,-1.0
1057,131,3822,1.0
1058,7739,9984,1.0
1059,1154,2820,1.0
1060,8355,6210,-1.0
1061,9773,8844,-1.0
1062,6984,4469,-1.0
1063,3037,7401,1.0
1064,9761,3766,-1.0
1065,2866,4057,1.0
1066,3349,8,-1.0
1067,6653,7092,1.0
1068,5732,2795,-1.0
1069,8501,9106,1.0
1070,165,8497,1.0
1071,1328,572,-1.0
1072,8804,1148,-1.0
1073,6144,9693,1.0
1074,7184,3906,-1.0
1075,2062,4982,1.0
1076,7995,7270,-1.0
1077,8971,7954,-1.0
1078,324,7465,1.0
1079,1399,2409,1.0
1080,5636,9958,1.0
1081,757,2470,1.0
1082,2767,7964,1.0
1083,1300,7052,1.0
1084,272,1237,1.0
1085,1309,4167,1.0
1086,5093,8945,1.0
1087,2483,4983,1.0
1088,6449,2540,-1.0
1089,9991,1392,-1.0
1090,5639,3920,-1.0
1091,6161,2313,-1.0
1092,9725,9129,-1.0
1093,4953,7266,1.0
1094,6453,9902,1.0
1095,8140,8562,1.0
1096,1239,1004,-1.0
1097,1277,1519,1.0
1098,746,1125,1.0
1099,211,2670,1.0
1100,9969,3721,-1.0
1101,3086,1542,-1.0
1102,3249,7830,1.0
1103,6705,2603,-1.0
1104,4134,537,-1.0
1105,1779,8436,1.0
1106,7768,1251,-1.0
1107,1828,9519,1.0
1108,5049,2914,-1.0
1109,2629,649,-1.0
1110,4765,8073,1.0
1111,139,851,1.0
1112,8655,7870,-1.0
1113,9872,9971,1.0
1114,1678,7344,1.0
1115,7829,1000,-1.0
1116,4829,1517,-1.0
1117,2319,4824,1.0
1118,6032,1669,-1.0
1119,4110,9048,1.0
1120,1284,874,-1.0
1121,8149,3969,-1.0
1122,2508,7143,1.0
1123,580,953,1.0
1124,7331,4340,-1.0
1125,6277,103,-1.0
1126,2794,8538,1.0
1127,7217,1801,-1.0
1128,1825,1146,-1.0
1129,5820,8599,1.0
1130,7344,5748,-1.0
1131,8334,7230,-1.0
1132,2073,444,-1.0
1133,1409,9837,1.0
1134,9699,6868,-1.0
1135,9524,3410,-1.0
1136,7707,2902,-1.0
1137,6435,6148,-1.0
1138,6354,1868,-1.0
1139,4415,5334,1.0
1140,6506,7092,1.0
1141,5570,1216,-1.0
1142,7957,1968,-1.0
1143,5880,2030,-1.0
1144,6622,8561,1.0
1145,4964,8286,1.0
1146,5812,868,-1.0
1147,8796,1156,-1.0
1148,4594,1183,-1.0
1149,657,3368,1.0
1150,3784,1591,-1.0
1151,347,5316,1.0
1152,3185,5525,1.0
1153,6847,1761,-1.0
1154,6000,1638,-1.0
1155,8872,1645,-1.0
1156,4174,3280,-1.0
1157,3651,9403,1.0
1158,3376,8960,1.0
1159,3587,5866,1.0
1160,3161,7368,1.0
1161,7439,7302,-1.0
1162,6517,6027,-1.0
1163,1880,2362,1.0
1164,1639,3782,1.0
1165,4291,2544,-1.0
1166,8581,4040,-1.0
1167,304,7472,1.0
1168,6100,50,-1.0
1169,525,5938,1.0
1170,5588,684,-1.0
1171,4363,5332,1.0
1172,4379,398,-1.0
1173,4221,674,-1.0
1174,9192,6369,-1.0
1175,4596,4567,-1.0
1176,7892,2086,-1.0
1177,7606,8869,1.0
1178,5546,4721,-1.0
1179,6795,6502,-1.0
1180,4497,5869,1.0
1181,9815,8853,-1.0
1182,3129,9610,1.0
1183,643,1159,1.0
1184,3723,5099,1.0
1185,2992,3140,1.0
1186,7421,1812,-1.0
1187,974,4790,1.0
1188,9342,7118,-1.0
1189,8373,9309,1.0
1190,7984,9891,1.0
1191,4126,957,-1.0
1192,2247,3825,1.0
1193,227,3629,1.0
1194,4332,6174,1.0
1195,844,180,-1.0
1196,4055,242,-1.0
1197,4103,5841,1.0
1198,892,4272,1.0
1199,2678,6564,1.0
1200,3370,3290,-1.0
1201,7628,9189,1.0
1202,3194,1058,-1.0
1203,6875,6688,-1.0
1204,9109,8445,-1.0
1205,8432,9300,1.0
1206,1590,4768,1.0
1207,7259,9680,1.0
1208,5927,4473,-1.0
1209,3220,7664,1.0
1210,6317,9379,1.0
1211,4470,5777,1.0
1212,1130,1760,1.0
1213,5764,7334,1.0
1214,3872,1694,-1.0
1215,4903,2756,-1.0
1216,5673,9342,1.0
1217,6488,8381,1.0
1218,6747,4964,-1.0
1219,7368,4214,-1.0
1220,4808,3144,-1.0
1221,1363,3987,1.0
1222,8822,363,-1.0
1223,4823,8442,1.0
1224,7173,5107,-1.0
1225,25,3042,1.0
1226,1186,1188,1.0
1227,1825,9421,1.0
1228,8095,5802,-1.0
1229,703,8518,1.0
1230,7411,472,-1.0
1231,6432,7025,1.0
1232,4220,3627,-1.0
1233,9786,9558,-1.0
1234,741,1733,1.0
1235,3134,3714,1.0
1236,5884,9001,1.0
1237,7167,8215,1.0
1238,9203,1352,-1.0
1239,1340,4253,1.0
1240,1453,6991,1.0
1241,719,9053,1.0
1242,5886,7340,1.0
1243,5738,1423,-1.0
1244,2963,2266,-1.0
1245,4659,7699,1.0
1246,1877,6984,1.0
1247,7679,3210,-1.0
1248,7289,3438,-1.0
1249,5192,6036,1.0
1250,387,741,1.0
1251,2139,2666,1.0
1252,7607,7733,1.0
1253,1087,6783,1.0
1254,317,2250,1.0
1255,208,4063,1.0
1256,4641,828,-1.0
1257,9931,9679,-1.0
1258,7868,1021,-1.0
1259,216,5620,1.0
1260,3236,6707,1.0
1261,8074,3280,-1.0
1262,1193,5213,1.0
1263,7177,1675,-1.0
1264,3841,1797,-1.0
1265,1743,3776,1.0
1266,9369,9522,1.0
1267,7481,2674,-1.0
1268,5851,3259,-1.0
1269,3306,2115,-1.0
1270,371,9700,1.0
1271,4167,2196,-1.0
1272,6402,1866,-1.0
1273,9551,4086,-1.0
1274,5104,8851,1.0
1275,9479,7454,-1.0
1276,8483,6753,-1.0
1277,4347,7698,1.0
1278,7173,318,-1.0
1279,2416,5201,1.0
1280,6498,7338,1.0
1281,5362,4262,-1.0
1282,2296,5978,1.0
1283,300,8176,1.0
1284,2820,3510,1.0
1285,2116,5567,1.0
1286,2249,9130,1.0
1287,5757,2940,-1.0
1288,2358,9717,1.0
1289,3412,5403,1.0
1290,5163,295,-1.0
1291,1850,9602,1.0
1292,4154,3886,-1.0
1293,878,9231,1.0
1294,9587,7985,-1.0
1295,8705,3085,-1.0
1296,1054,8806,1.0
1297,100,7829,1.0
1298,4575,2572,-1.0
1299,1513,9778,1.0
1300,4870,1091,-1.0
1301,8338,9013,1.0
1302,3730,6261,1.0
1303,1342,2339,1.0
1304,9777,4872,-1.0
1305,9926,4546,-1.0
1306,6898,6234,-1.0
1307,9771,2189,-1.0
1308,3561,6883,1.0
1309,1891,4669,1.0
1310,3175,6,-1.0
1311,4873,4184,-1.0
1312,2897,8052,1.0
1313,2888,563,-1.0
1314,4507,8943,1.0
1315,5818,6380,1.0
1316,992,2509,1.0
1317,3397,6191,1.0
1318,8292,1913,-1.0
1319,9399,9542,1.0
1320,7648,2513,-1.0
1321,8455,9580,1.0
1322,2045,119,-1.0
1323,8205,2134,-1.0
1324,8776,3744,-1.0
1325,6405,3357,-1.0
1326,6667,6720,1.0
1327,1819,4783,1.0
1328,5514,3422,-1.0
1329,8767,340,-1.0
1330,3656,1710,-1.0
1331,4794,3513,-1.0
1332,8278,7821,-1.0
1333,4584,3336,-1.0
1334,5110,4751,-1.0
1335,2302,9104,1.0
1336,8996,4605,-1.0
1337,3065,2448,-1.0
1338,8070,4449,-1.0
1339,7601,2015,-1.0
1340,1324,3119,1.0
1341,1600,6274,1.0
1342,3891,2667,-1.0
1343,1582,3024,1.0
1344,8901,4520,-1.0
1345,9791,4947,-1.0
1346,9491,8917,-1.0
1347,2733,7775,1.0
1348,7717,1855,-1.0
1349,5912,3936,-1.0
1350,6635,9333,1.0
1351,2148,4296,1.0
1352,491,8317,1.0
1353,1186,6013,1.0
1354,5655,8091,1.0
1355,824,6049,1.0
1356,394,4914,1.0
1357,1527,1233,-1.0
1358,4705,2496,-1.0
1359,9690,9988,1.0
1360,8184,9568,1.0
1361,8824,7769,-1.0
1362,1410,1588,1.0
1363,9603,9265,-1.0
1364,7517,3226,-1.0
1365,6070,9609,1.0
1366,3423,9997,1.0
1367,2283,7587,1.0
1368,4950,9084,1.0
1369,4142,2126,-1.0
1370,9478,620,-1.0
1371,2227,5203,1.0
1372,8546,6828,-1.0
1373,9207,6399,-1.0
1374,5579,5679,1.0
1375,2293,3077,1.0
1376,7602,2959,-1.0
1377,6868,1358,-1.0
1378,614,6807,1.0
1379,1967,9853,1.0
1380,63,2470,1.0
1381,5790,4692,-1.0
1382,3993,729,-1.0
1383,240,6712,1.0
1384,6188,1439,-1.0
1385,2167,689,-1.0
1386,1890,2888,1.0
1387,1363,3816,1.0
1388,7648,4326,-1.0
1389,5868,7962,1.0
1390,8245,5908,-1.0
1391,5165,7217,1.0
1392,6510,7988,1.0
1393,4337,2073,-1.0
1394,7815,432,-1.0
1395,2394,654,-1.0
1396,8350,7296,-1.0
1397,1137,7530,1.0
1398,8842,653,-1.0
1399,8976,3005,-1.0
1400,5022,7319,1.0
1401,1497,8473,1.0
1402,8239,9184,1.0
1403,880,1027,1.0
1404,5705,9717,1.0
1405,5314,3701,-1.0
1406,681,6298,1.0
1407,3883,4864,1.0
1408,7256,3892,-1.0
1409,5446,9827,1.0
1410,1382,9348,1.0
1411,3570,7399,1.0
1412,5621,4222,-1.0
1413,1271,7325,1.0
1414,1574,857,-1.0
1415,5849,9349,1.0
1416,9168,8706,-1.0
1417,9960,9034,-1.0
1418,67,9157,1.0
1419,6265,3574,-1.0
1420,3844,1369,-1.0
1421,316,3277,1.0
1422,5126,2321,-1.0
1423,8195,8936,1.0
1424,9904,4216,-1.0
1425,4798,2248,-1.0
1426,3594,9083,1.0
1427,8390,8093,-1.0
1428,8326,3685,-1.0
1429,9904,2255,-1.0
1430,8858,5240,-1.0
1431,6782,8621,1.0
1432,942,2444,1.0
1433,7220,8756,1.0
1434,5339,4427,-1.0
1435,2620,4229,1.0
1436,2536,2939,1.0
1437,2100,2668,1.0
1438,9714,4389,-1.0
1439,3484,1261,-1.0
1440,6574,7019,1.0
1441,2942,5705,1.0
1442,5833,513,-1.0
1443,853,7334,1.0
1444,9778,7921,-1.0
1445,3120,1326,-1.0
1446,3268,1300,-1.0
1447,9561,6706,-1.0
1448,2724,9263,1.0
1449,2207,8607,1.0
1450,1842,666,-1.0
1451,8178,5141,-1.0
1452,6471,9878,1.0
1453,2409,6244,1.0
1454,3834,9488,1.0
1455,3512,879,-1.0
1456,2826,735,-1.0
1457,139,9820,1.0
1458,8393,5031,-1.0
1459,465,2091,1.0
1460,3831,6858,1.0
1461,8661,6505,-1.0
1462,9556,5552,-1.0
1463,1926,3048,1.0
1464,6315,7329,1.0
1465,9233,3435,-1.0
1466,5296,2836,-1.0
1467,1183,3658,1.0
1468,4840,1037,-1.0
1469,3141,3087,-1.0
1470,1930,7323,1.0
1471,7447,8563,1.0
1472,5402,9461,1.0
1473,8621,68,-1.0
1474,6787,8309,1.0
1475,6483,9188,1.0
1476,4470,8418,1.0
1477,1494,1429,-1.0
1478,4769,5156,1.0
1479,31,8586,1.0
1480,1306,8037,1.0
1481,5769,9173,1.0
1482,3137,2394,-1.0
1483,581,2000,1.0
1484,1882,6133,1.0
1485,9828,1208,-1.0
1486,2847,8292,1.0
1487,4783,6186,1.0
1488,2391,6918,1.0
1489,2674,9175,1.0
1490,8038,2259,-1.0
1491,6844,5117,-1.0
1492,739,317,-1.0
1493,7741,6450,-1.0
1494,7575,3659,-1.0
1495,3325,1388,-1.0
1496,3775,5573,1.0
1497,1245,7150,1.0
1498,1735,4939,1.0
1499,1885,5040,1.0
